date,open,low,high,close,volume
2025-01-03 00:00:00,1.02693,1.02687,1.02696,1.02687,42
2025-01-03 00:01:00,1.02687,1.02685,1.02688,1.02687,31
2025-01-03 00:02:00,1.02687,1.02683,1.02687,1.02687,34
2025-01-03 00:03:00,1.02687,1.02684,1.02695,1.02689,90
2025-01-03 00:04:00,1.02689,1.02683,1.02689,1.02686,63
2025-01-03 00:05:00,1.02686,1.02685,1.02695,1.02687,69
2025-01-03 00:06:00,1.02687,1.02684,1.02688,1.02684,20
2025-01-03 00:07:00,1.02684,1.02682,1.02687,1.02687,34
2025-01-03 00:08:00,1.02687,1.02671,1.02688,1.02671,84
2025-01-03 00:09:00,1.02671,1.0267,1.02673,1.02673,23
2025-01-03 00:10:00,1.02673,1.02671,1.02673,1.02671,34
2025-01-03 00:11:00,1.02671,1.02669,1.02672,1.02671,51
2025-01-03 00:12:00,1.02671,1.02669,1.02674,1.0267,70
2025-01-03 00:13:00,1.0267,1.0266,1.0267,1.02663,105
2025-01-03 00:14:00,1.02663,1.02656,1.02667,1.02657,76
2025-01-03 00:15:00,1.02657,1.02654,1.02659,1.02655,24
2025-01-03 00:16:00,1.02655,1.02652,1.02655,1.02653,28
2025-01-03 00:17:00,1.02653,1.02647,1.02653,1.02651,68
2025-01-03 00:18:00,1.02651,1.02646,1.02651,1.02647,29
2025-01-03 00:19:00,1.02647,1.02647,1.02649,1.02647,18
2025-01-03 00:21:00,1.02647,1.02642,1.02661,1.0266,89
2025-01-03 00:22:00,1.0266,1.0266,1.02686,1.02685,109
2025-01-03 00:23:00,1.02685,1.02683,1.0269,1.02688,64
2025-01-03 00:24:00,1.02688,1.02688,1.02697,1.02695,74
2025-01-03 00:25:00,1.02695,1.02693,1.02697,1.02694,43
2025-01-03 00:26:00,1.02694,1.02694,1.02704,1.02703,56
2025-01-03 00:27:00,1.02703,1.02702,1.02707,1.02704,48
2025-01-03 00:28:00,1.02704,1.02703,1.02714,1.02711,61
2025-01-03 00:29:00,1.02711,1.02707,1.02717,1.02713,109
2025-01-03 00:30:00,1.02713,1.02712,1.02721,1.02721,59
2025-01-03 00:31:00,1.02721,1.02718,1.02727,1.02726,49
2025-01-03 00:32:00,1.02726,1.02719,1.02727,1.0272,55
2025-01-03 00:33:00,1.0272,1.0272,1.02724,1.02722,65
2025-01-03 00:34:00,1.02722,1.02722,1.0273,1.02729,45
2025-01-03 00:35:00,1.02729,1.02722,1.02729,1.02723,15
2025-01-03 00:36:00,1.02723,1.02718,1.02726,1.02721,56
2025-01-03 00:37:00,1.02721,1.02721,1.02723,1.02723,55
2025-01-03 00:38:00,1.02723,1.02722,1.02729,1.02728,67
2025-01-03 00:39:00,1.02728,1.02727,1.02732,1.02732,13
2025-01-03 00:40:00,1.02732,1.02716,1.02732,1.02717,41
2025-01-03 00:41:00,1.02717,1.02711,1.02721,1.02712,36
2025-01-03 00:42:00,1.02712,1.02712,1.02721,1.02717,43
2025-01-03 00:43:00,1.02717,1.02708,1.02717,1.02713,32
2025-01-03 00:44:00,1.02713,1.02712,1.02719,1.02717,21
2025-01-03 00:45:00,1.02717,1.02704,1.02717,1.02712,63
2025-01-03 00:46:00,1.02712,1.02711,1.02716,1.02715,50
2025-01-03 00:47:00,1.02715,1.02714,1.02719,1.02719,71
2025-01-03 00:48:00,1.02719,1.02718,1.02721,1.02719,59
2025-01-03 00:49:00,1.02719,1.02717,1.02719,1.02717,34
2025-01-03 00:50:00,1.02717,1.02717,1.0272,1.02717,39
2025-01-03 00:51:00,1.02717,1.02712,1.02717,1.02714,38
2025-01-03 00:52:00,1.02714,1.02708,1.02715,1.02708,31
2025-01-03 00:53:00,1.02708,1.02694,1.02713,1.02698,109
2025-01-03 00:54:00,1.02698,1.02694,1.02699,1.02698,88
2025-01-03 00:55:00,1.02698,1.02697,1.02712,1.02711,98
2025-01-03 00:56:00,1.02711,1.02709,1.02713,1.02711,92
2025-01-03 00:57:00,1.02711,1.02707,1.02717,1.02708,87
2025-01-03 00:58:00,1.02708,1.02708,1.02714,1.02711,68
2025-01-03 00:59:00,1.02711,1.02711,1.02714,1.02714,50
2025-01-03 01:00:00,1.02714,1.02713,1.0272,1.02716,75
2025-01-03 01:01:00,1.02716,1.02715,1.02722,1.02716,48
2025-01-03 01:02:00,1.02716,1.02716,1.02725,1.02723,85
2025-01-03 01:03:00,1.02723,1.02719,1.02723,1.02722,54
2025-01-03 01:04:00,1.02722,1.02715,1.02722,1.02716,73
2025-01-03 01:05:00,1.02716,1.02713,1.02716,1.02713,30
2025-01-03 01:06:00,1.02713,1.02713,1.02717,1.02717,22
2025-01-03 01:07:00,1.02717,1.02717,1.02727,1.02727,41
2025-01-03 01:08:00,1.02727,1.02727,1.02731,1.0273,16
2025-01-03 01:09:00,1.0273,1.02727,1.02733,1.02732,61
2025-01-03 01:10:00,1.02732,1.0273,1.02733,1.02732,35
2025-01-03 01:11:00,1.02732,1.02732,1.02737,1.02737,26
2025-01-03 01:12:00,1.02737,1.02736,1.02743,1.02742,36
2025-01-03 01:13:00,1.02742,1.02738,1.02743,1.02738,34
2025-01-03 01:14:00,1.02738,1.02736,1.02743,1.0274,22
2025-01-03 01:15:00,1.0274,1.02735,1.02741,1.02736,24
2025-01-03 01:16:00,1.02736,1.02734,1.02743,1.02741,42
2025-01-03 01:17:00,1.02741,1.02737,1.02744,1.0274,40
2025-01-03 01:18:00,1.0274,1.0273,1.02742,1.02731,37
2025-01-03 01:19:00,1.02731,1.02731,1.02744,1.02743,69
2025-01-03 01:20:00,1.02743,1.02742,1.02744,1.02743,40
2025-01-03 01:21:00,1.02743,1.02733,1.02744,1.02737,75
2025-01-03 01:22:00,1.02737,1.02733,1.02737,1.02733,38
2025-01-03 01:23:00,1.02733,1.02731,1.02734,1.02732,41
2025-01-03 01:24:00,1.02732,1.02732,1.02742,1.02737,73
2025-01-03 01:25:00,1.02737,1.02737,1.02739,1.02739,39
2025-01-03 01:26:00,1.02739,1.02734,1.02739,1.02737,75
2025-01-03 01:27:00,1.02737,1.02734,1.02739,1.02738,43
2025-01-03 01:28:00,1.02738,1.02737,1.02739,1.02737,43
2025-01-03 01:29:00,1.02737,1.02734,1.02739,1.02735,21
2025-01-03 01:30:00,1.02735,1.02727,1.02735,1.02732,87
2025-01-03 01:31:00,1.02732,1.02723,1.02732,1.02724,45
2025-01-03 01:32:00,1.02724,1.02723,1.02732,1.02728,62
2025-01-03 01:33:00,1.02728,1.02725,1.0273,1.02725,33
2025-01-03 01:34:00,1.02725,1.02722,1.02727,1.02726,64
2025-01-03 01:35:00,1.02726,1.02719,1.02726,1.02721,65
2025-01-03 01:36:00,1.02721,1.02721,1.02729,1.02726,79
2025-01-03 01:37:00,1.02726,1.02723,1.02729,1.02729,66
2025-01-03 01:38:00,1.02729,1.02729,1.02735,1.02733,54
2025-01-03 01:39:00,1.02733,1.02731,1.02734,1.02732,27
2025-01-03 01:40:00,1.02732,1.02728,1.02733,1.02729,38
2025-01-03 01:41:00,1.02729,1.02725,1.02731,1.02725,38
2025-01-03 01:42:00,1.02725,1.02722,1.02728,1.02727,43
2025-01-03 01:43:00,1.02727,1.02724,1.02727,1.02726,51
2025-01-03 01:44:00,1.02726,1.02726,1.02741,1.02738,42
2025-01-03 01:45:00,1.02738,1.02734,1.02741,1.02735,33
2025-01-03 01:46:00,1.02735,1.02732,1.02738,1.02737,25
2025-01-03 01:47:00,1.02737,1.02737,1.0274,1.02738,34
2025-01-03 01:48:00,1.02738,1.02737,1.0274,1.02737,14
2025-01-03 01:49:00,1.02737,1.02735,1.02748,1.02746,67
2025-01-03 01:50:00,1.02746,1.02741,1.02751,1.02743,69
2025-01-03 01:51:00,1.02743,1.02743,1.02757,1.02754,82
2025-01-03 01:52:00,1.02754,1.02754,1.02774,1.02771,128
2025-01-03 01:53:00,1.02771,1.0277,1.02774,1.02773,70
2025-01-03 01:54:00,1.02773,1.02772,1.02779,1.02778,45
2025-01-03 01:55:00,1.02778,1.02776,1.02784,1.02782,115
2025-01-03 01:56:00,1.02782,1.02773,1.02784,1.02781,99
2025-01-03 01:57:00,1.02781,1.02778,1.0279,1.02789,89
2025-01-03 01:58:00,1.02789,1.02775,1.02789,1.02779,90
2025-01-03 01:59:00,1.02779,1.02778,1.02788,1.02788,72
2025-01-03 02:00:00,1.02788,1.0277,1.02797,1.02791,358
2025-01-03 02:01:00,1.02791,1.02779,1.02794,1.02793,207
2025-01-03 02:02:00,1.02793,1.0279,1.02808,1.02808,169
2025-01-03 02:03:00,1.02808,1.02803,1.02813,1.0281,98
2025-01-03 02:04:00,1.0281,1.02807,1.02823,1.02813,189
2025-01-03 02:05:00,1.02813,1.02788,1.02813,1.02788,151
2025-01-03 02:06:00,1.02788,1.02767,1.02788,1.0277,137
2025-01-03 02:07:00,1.0277,1.02761,1.02773,1.02767,116
2025-01-03 02:08:00,1.02767,1.02762,1.02769,1.02767,116
2025-01-03 02:09:00,1.02767,1.02761,1.02779,1.02764,157
2025-01-03 02:10:00,1.02764,1.02756,1.02766,1.02766,61
2025-01-03 02:11:00,1.02766,1.02765,1.02777,1.02775,158
2025-01-03 02:12:00,1.02775,1.02768,1.02782,1.02778,114
2025-01-03 02:13:00,1.02778,1.02776,1.02801,1.02793,160
2025-01-03 02:14:00,1.02793,1.02793,1.02802,1.028,116
2025-01-03 02:15:00,1.028,1.02798,1.02814,1.02808,134
2025-01-03 02:16:00,1.02808,1.0278,1.02808,1.02787,316
2025-01-03 02:17:00,1.02787,1.02711,1.02791,1.02752,897
2025-01-03 02:18:00,1.02752,1.0273,1.02767,1.02746,410
2025-01-03 02:19:00,1.02746,1.02726,1.02761,1.0276,489
2025-01-03 02:20:00,1.0276,1.02708,1.0276,1.02709,485
2025-01-03 02:21:00,1.02709,1.02683,1.02725,1.02722,775
2025-01-03 02:22:00,1.02722,1.0272,1.02748,1.02736,529
2025-01-03 02:23:00,1.02736,1.02721,1.02742,1.02731,313
2025-01-03 02:24:00,1.02731,1.02731,1.02767,1.02764,324
2025-01-03 02:25:00,1.02764,1.02763,1.02787,1.02783,239
2025-01-03 02:26:00,1.02783,1.02776,1.02803,1.02793,348
2025-01-03 02:27:00,1.02793,1.02772,1.02793,1.02776,237
2025-01-03 02:28:00,1.02776,1.02768,1.02795,1.02792,314
2025-01-03 02:29:00,1.02792,1.02776,1.02792,1.02778,212
2025-01-03 02:30:00,1.02778,1.02775,1.02806,1.02804,213
2025-01-03 02:31:00,1.02804,1.02796,1.02812,1.02801,183
2025-01-03 02:32:00,1.02801,1.02797,1.02806,1.02802,171
2025-01-03 02:33:00,1.02802,1.02793,1.02806,1.02804,217
2025-01-03 02:34:00,1.02804,1.028,1.02825,1.0282,249
2025-01-03 02:35:00,1.0282,1.02818,1.0284,1.02832,287
2025-01-03 02:36:00,1.02832,1.0282,1.02838,1.02837,180
2025-01-03 02:37:00,1.02837,1.02823,1.02845,1.02823,183
2025-01-03 02:38:00,1.02823,1.0281,1.02827,1.02812,232
2025-01-03 02:39:00,1.02812,1.02802,1.02822,1.02807,203
2025-01-03 02:40:00,1.02807,1.028,1.02816,1.02814,145
2025-01-03 02:41:00,1.02814,1.02808,1.02823,1.0281,188
2025-01-03 02:42:00,1.0281,1.028,1.02823,1.02801,138
2025-01-03 02:43:00,1.02801,1.02799,1.02813,1.02813,158
2025-01-03 02:44:00,1.02813,1.02804,1.02827,1.02826,179
2025-01-03 02:45:00,1.02826,1.02811,1.02826,1.02812,97
2025-01-03 02:46:00,1.02812,1.02812,1.02832,1.0283,156
2025-01-03 02:47:00,1.0283,1.0282,1.02831,1.02827,182
2025-01-03 02:48:00,1.02827,1.02822,1.02836,1.02836,160
2025-01-03 02:49:00,1.02836,1.02825,1.02836,1.02826,151
2025-01-03 02:50:00,1.02826,1.02816,1.02833,1.02825,170
2025-01-03 02:51:00,1.02825,1.02815,1.02827,1.02817,114
2025-01-03 02:52:00,1.02817,1.02803,1.02818,1.02805,170
2025-01-03 02:53:00,1.02805,1.02804,1.0283,1.02823,170
2025-01-03 02:54:00,1.02823,1.02818,1.02826,1.02825,131
2025-01-03 02:55:00,1.02825,1.02811,1.02825,1.02813,124
2025-01-03 02:56:00,1.02813,1.028,1.02814,1.02812,156
2025-01-03 02:57:00,1.02812,1.02811,1.02819,1.02815,173
2025-01-03 02:58:00,1.02815,1.02807,1.02817,1.02813,185
2025-01-03 02:59:00,1.02813,1.02802,1.02823,1.02804,287
2025-01-03 03:00:00,1.02804,1.02803,1.02866,1.02842,517
2025-01-03 03:01:00,1.02842,1.0284,1.02864,1.02857,415
2025-01-03 03:02:00,1.02857,1.02849,1.02875,1.02873,208
2025-01-03 03:03:00,1.02873,1.02865,1.02875,1.02871,210
2025-01-03 03:04:00,1.02871,1.02856,1.02876,1.02856,307
2025-01-03 03:05:00,1.02856,1.0283,1.02857,1.02833,276
2025-01-03 03:06:00,1.02833,1.02821,1.02842,1.02821,252
2025-01-03 03:07:00,1.02821,1.0282,1.02842,1.0283,264
2025-01-03 03:08:00,1.0283,1.0281,1.02836,1.0281,218
2025-01-03 03:09:00,1.0281,1.02805,1.02818,1.0281,176
2025-01-03 03:10:00,1.0281,1.02778,1.02813,1.02786,120
2025-01-03 03:11:00,1.02786,1.02785,1.02824,1.02823,217
2025-01-03 03:12:00,1.02823,1.02823,1.02844,1.02835,235
2025-01-03 03:13:00,1.02835,1.02831,1.02845,1.02836,163
2025-01-03 03:14:00,1.02836,1.02831,1.02845,1.02841,126
2025-01-03 03:15:00,1.02841,1.02831,1.02843,1.02831,201
2025-01-03 03:16:00,1.02831,1.02831,1.02843,1.02838,189
2025-01-03 03:17:00,1.02838,1.02833,1.02853,1.02836,219
2025-01-03 03:18:00,1.02836,1.02816,1.02837,1.02827,295
2025-01-03 03:19:00,1.02827,1.02826,1.02844,1.02838,208
2025-01-03 03:20:00,1.02838,1.02833,1.02848,1.02847,286
2025-01-03 03:21:00,1.02847,1.02827,1.02849,1.02828,322
2025-01-03 03:22:00,1.02828,1.02825,1.02851,1.02846,291
2025-01-03 03:23:00,1.02846,1.02836,1.02853,1.02839,215
2025-01-03 03:24:00,1.02839,1.02839,1.02872,1.02871,208
2025-01-03 03:25:00,1.02871,1.02851,1.02878,1.02855,246
2025-01-03 03:26:00,1.02855,1.02833,1.02856,1.02836,323
2025-01-03 03:27:00,1.02836,1.02811,1.02841,1.02812,190
2025-01-03 03:28:00,1.02812,1.02805,1.02829,1.02806,184
2025-01-03 03:29:00,1.02806,1.02804,1.02822,1.02804,151
2025-01-03 03:30:00,1.02804,1.02789,1.02807,1.0279,134
2025-01-03 03:31:00,1.0279,1.02776,1.02792,1.0278,160
2025-01-03 03:32:00,1.0278,1.02778,1.02795,1.02793,255
2025-01-03 03:33:00,1.02793,1.02782,1.02798,1.02787,262
2025-01-03 03:34:00,1.02787,1.02777,1.0279,1.02781,171
2025-01-03 03:35:00,1.02781,1.02761,1.02791,1.0279,296
2025-01-03 03:36:00,1.0279,1.02775,1.02791,1.02775,185
2025-01-03 03:37:00,1.02775,1.02765,1.02777,1.02766,78
2025-01-03 03:38:00,1.02766,1.02737,1.02768,1.02739,201
2025-01-03 03:39:00,1.02739,1.02739,1.0275,1.02749,105
2025-01-03 03:40:00,1.02749,1.02727,1.02754,1.0273,190
2025-01-03 03:41:00,1.0273,1.02723,1.02745,1.02739,218
2025-01-03 03:42:00,1.02739,1.02738,1.02751,1.02744,189
2025-01-03 03:43:00,1.02744,1.02741,1.02759,1.02759,186
2025-01-03 03:44:00,1.02759,1.02753,1.02774,1.02772,210
2025-01-03 03:45:00,1.02772,1.02764,1.02786,1.0278,228
2025-01-03 03:46:00,1.0278,1.02778,1.028,1.028,182
2025-01-03 03:47:00,1.028,1.02792,1.02806,1.02795,159
2025-01-03 03:48:00,1.02795,1.02776,1.02796,1.02782,219
2025-01-03 03:49:00,1.02782,1.02781,1.02801,1.02791,248
2025-01-03 03:50:00,1.02791,1.02791,1.02801,1.02799,138
2025-01-03 03:51:00,1.02799,1.02797,1.02804,1.02802,38
2025-01-03 03:52:00,1.02802,1.02794,1.02802,1.02802,58
2025-01-03 03:53:00,1.02802,1.02801,1.02828,1.02826,106
2025-01-03 03:54:00,1.02826,1.0282,1.0283,1.02827,89
2025-01-03 03:55:00,1.02827,1.02827,1.02858,1.02837,200
2025-01-03 03:56:00,1.02837,1.02829,1.02847,1.02829,102
2025-01-03 03:57:00,1.02829,1.02819,1.02829,1.02824,55
2025-01-03 03:58:00,1.02824,1.02805,1.02825,1.02814,292
2025-01-03 03:59:00,1.02814,1.02799,1.02816,1.028,313
2025-01-03 04:00:00,1.028,1.02798,1.02818,1.02818,195
2025-01-03 04:01:00,1.02818,1.02808,1.02826,1.02808,168
2025-01-03 04:02:00,1.02808,1.028,1.02814,1.02812,219
2025-01-03 04:03:00,1.02812,1.02799,1.02824,1.02822,256
2025-01-03 04:04:00,1.02822,1.02817,1.02848,1.02846,196
2025-01-03 04:05:00,1.02846,1.02844,1.02858,1.0285,194
2025-01-03 04:06:00,1.0285,1.02834,1.0285,1.0284,160
2025-01-03 04:07:00,1.0284,1.02839,1.02854,1.02845,251
2025-01-03 04:08:00,1.02845,1.02839,1.0286,1.02855,204
2025-01-03 04:09:00,1.02855,1.02855,1.02873,1.02869,141
2025-01-03 04:10:00,1.02869,1.02869,1.02943,1.02937,499
2025-01-03 04:11:00,1.02937,1.02905,1.02937,1.02906,341
2025-01-03 04:12:00,1.02906,1.02906,1.02923,1.02918,289
2025-01-03 04:13:00,1.02918,1.02916,1.02932,1.02929,208
2025-01-03 04:14:00,1.02929,1.02926,1.02935,1.0293,185
2025-01-03 04:15:00,1.0293,1.02928,1.02944,1.02934,212
2025-01-03 04:16:00,1.02934,1.02932,1.0294,1.02935,188
2025-01-03 04:17:00,1.02935,1.02915,1.02935,1.02916,192
2025-01-03 04:18:00,1.02916,1.02915,1.02934,1.02924,175
2025-01-03 04:19:00,1.02924,1.02922,1.02942,1.02939,171
2025-01-03 04:20:00,1.02939,1.02939,1.02978,1.0297,248
2025-01-03 04:21:00,1.0297,1.02959,1.02975,1.02966,163
2025-01-03 04:22:00,1.02966,1.02966,1.02975,1.02972,181
2025-01-03 04:23:00,1.02972,1.02971,1.02985,1.02973,196
2025-01-03 04:24:00,1.02973,1.02967,1.02982,1.02977,212
2025-01-03 04:25:00,1.02977,1.02969,1.02984,1.02977,205
2025-01-03 04:26:00,1.02977,1.02967,1.02977,1.0297,105
2025-01-03 04:27:00,1.0297,1.0297,1.02988,1.02983,134
2025-01-03 04:28:00,1.02983,1.0296,1.02984,1.02964,145
2025-01-03 04:29:00,1.02964,1.02945,1.02964,1.0296,109
2025-01-03 04:30:00,1.0296,1.02959,1.02984,1.02983,123
2025-01-03 04:31:00,1.02983,1.02983,1.02989,1.02985,83
2025-01-03 04:32:00,1.02985,1.02976,1.02997,1.02982,235
2025-01-03 04:33:00,1.02982,1.02972,1.02984,1.02973,139
2025-01-03 04:34:00,1.02973,1.02956,1.02976,1.02964,188
2025-01-03 04:35:00,1.02964,1.02934,1.02966,1.02935,212
2025-01-03 04:36:00,1.02935,1.02919,1.02944,1.02919,248
2025-01-03 04:37:00,1.02919,1.0291,1.02922,1.02918,286
2025-01-03 04:38:00,1.02918,1.02908,1.02931,1.02925,197
2025-01-03 04:39:00,1.02925,1.02919,1.02932,1.02931,189
2025-01-03 04:40:00,1.02931,1.02914,1.02931,1.02925,168
2025-01-03 04:41:00,1.02925,1.02922,1.0293,1.02925,152
2025-01-03 04:42:00,1.02925,1.02914,1.02927,1.02916,107
2025-01-03 04:43:00,1.02916,1.02903,1.02919,1.02904,126
2025-01-03 04:44:00,1.02904,1.02894,1.02911,1.02894,172
2025-01-03 04:45:00,1.02894,1.02882,1.02904,1.02883,213
2025-01-03 04:46:00,1.02883,1.02875,1.02897,1.02888,258
2025-01-03 04:47:00,1.02888,1.02883,1.02891,1.02885,154
2025-01-03 04:48:00,1.02885,1.02882,1.02907,1.02907,181
2025-01-03 04:49:00,1.02907,1.02884,1.0291,1.02884,208
2025-01-03 04:50:00,1.02884,1.02878,1.02887,1.02879,144
2025-01-03 04:51:00,1.02879,1.02872,1.029,1.029,183
2025-01-03 04:52:00,1.029,1.02885,1.02907,1.02885,177
2025-01-03 04:53:00,1.02885,1.02884,1.02889,1.02886,109
2025-01-03 04:54:00,1.02886,1.02881,1.02892,1.02889,142
2025-01-03 04:55:00,1.02889,1.0288,1.02893,1.02883,164
2025-01-03 04:56:00,1.02883,1.02883,1.02903,1.029,158
2025-01-03 04:57:00,1.029,1.02878,1.02902,1.02884,198
2025-01-03 04:58:00,1.02884,1.02878,1.02901,1.029,166
2025-01-03 04:59:00,1.029,1.02895,1.02902,1.02899,175
2025-01-03 05:00:00,1.02899,1.02898,1.02918,1.02898,194
2025-01-03 05:01:00,1.02898,1.02898,1.02933,1.0293,210
2025-01-03 05:02:00,1.0293,1.02917,1.02934,1.02924,173
2025-01-03 05:03:00,1.02924,1.02917,1.02929,1.02917,157
2025-01-03 05:04:00,1.02917,1.02908,1.02923,1.02911,130
2025-01-03 05:05:00,1.02911,1.02894,1.02916,1.02899,106
2025-01-03 05:06:00,1.02899,1.02897,1.02913,1.02913,151
2025-01-03 05:07:00,1.02913,1.02882,1.02913,1.02885,170
2025-01-03 05:08:00,1.02885,1.02878,1.02885,1.02878,97
2025-01-03 05:09:00,1.02878,1.0287,1.02889,1.0287,206
2025-01-03 05:10:00,1.0287,1.02854,1.02873,1.02854,147
2025-01-03 05:11:00,1.02854,1.02845,1.02855,1.02846,72
2025-01-03 05:12:00,1.02846,1.02844,1.02854,1.02846,126
2025-01-03 05:13:00,1.02846,1.02834,1.02846,1.02836,177
2025-01-03 05:14:00,1.02836,1.02834,1.0285,1.0285,209
2025-01-03 05:15:00,1.0285,1.02845,1.02854,1.0285,134
2025-01-03 05:16:00,1.0285,1.02845,1.02858,1.02849,175
2025-01-03 05:17:00,1.02849,1.02827,1.02849,1.02827,133
2025-01-03 05:18:00,1.02827,1.02808,1.02834,1.02824,187
2025-01-03 05:19:00,1.02824,1.02818,1.0284,1.02828,105
2025-01-03 05:20:00,1.02828,1.02823,1.02831,1.02825,108
2025-01-03 05:21:00,1.02825,1.02825,1.02844,1.02839,141
2025-01-03 05:22:00,1.02839,1.02826,1.02848,1.0283,195
2025-01-03 05:23:00,1.0283,1.0281,1.02834,1.02811,157
2025-01-03 05:24:00,1.02811,1.02802,1.02814,1.02804,119
2025-01-03 05:25:00,1.02804,1.02801,1.0281,1.02804,92
2025-01-03 05:26:00,1.02804,1.02797,1.02805,1.02799,97
2025-01-03 05:27:00,1.02799,1.02799,1.02819,1.02818,173
2025-01-03 05:28:00,1.02818,1.02818,1.02835,1.02833,197
2025-01-03 05:29:00,1.02833,1.0283,1.02835,1.02834,93
2025-01-03 05:30:00,1.02834,1.0282,1.02839,1.02839,151
2025-01-03 05:31:00,1.02839,1.02824,1.02839,1.02835,128
2025-01-03 05:32:00,1.02835,1.02834,1.0284,1.02839,126
2025-01-03 05:33:00,1.02839,1.02835,1.02847,1.02844,92
2025-01-03 05:34:00,1.02844,1.02844,1.02852,1.02852,61
2025-01-03 05:35:00,1.02852,1.02846,1.02857,1.02846,107
2025-01-03 05:36:00,1.02846,1.0284,1.02853,1.0284,136
2025-01-03 05:37:00,1.0284,1.02831,1.02844,1.02832,97
2025-01-03 05:38:00,1.02832,1.02831,1.0285,1.02843,144
2025-01-03 05:39:00,1.02843,1.02839,1.0285,1.0284,82
2025-01-03 05:40:00,1.0284,1.02836,1.0284,1.02836,49
2025-01-03 05:41:00,1.02836,1.02818,1.02839,1.02819,144
2025-01-03 05:42:00,1.02819,1.02818,1.02833,1.02828,133
2025-01-03 05:43:00,1.02828,1.02827,1.02839,1.02835,167
2025-01-03 05:44:00,1.02835,1.02834,1.0285,1.02835,115
2025-01-03 05:45:00,1.02835,1.02831,1.02839,1.02839,98
2025-01-03 05:46:00,1.02839,1.02822,1.02839,1.02822,111
2025-01-03 05:47:00,1.02822,1.0282,1.0283,1.02829,129
2025-01-03 05:48:00,1.02829,1.02827,1.02835,1.02835,62
2025-01-03 05:49:00,1.02835,1.02835,1.02845,1.02838,82
2025-01-03 05:50:00,1.02838,1.02815,1.02838,1.02818,112
2025-01-03 05:51:00,1.02818,1.02798,1.02818,1.02798,78
2025-01-03 05:52:00,1.02798,1.02798,1.02815,1.02814,100
2025-01-03 05:53:00,1.02814,1.02811,1.02816,1.02812,65
2025-01-03 05:54:00,1.02812,1.02812,1.0282,1.02816,102
2025-01-03 05:55:00,1.02816,1.02816,1.02833,1.02822,141
2025-01-03 05:56:00,1.02822,1.02806,1.02822,1.0281,127
2025-01-03 05:57:00,1.0281,1.02789,1.0281,1.02789,194
2025-01-03 05:58:00,1.02789,1.02789,1.02803,1.02803,118
2025-01-03 05:59:00,1.02803,1.02798,1.02809,1.02809,109
2025-01-03 06:00:00,1.02809,1.02809,1.02836,1.02836,144
2025-01-03 06:01:00,1.02836,1.02828,1.0284,1.02834,203
2025-01-03 06:02:00,1.02834,1.02821,1.02834,1.02824,177
2025-01-03 06:03:00,1.02824,1.0281,1.02825,1.02814,152
2025-01-03 06:04:00,1.02814,1.02814,1.02821,1.02819,93
2025-01-03 06:05:00,1.02819,1.02818,1.02829,1.02826,114
2025-01-03 06:06:00,1.02826,1.02822,1.02855,1.02854,209
2025-01-03 06:07:00,1.02854,1.02847,1.02864,1.02855,164
2025-01-03 06:08:00,1.02855,1.0285,1.02863,1.0285,167
2025-01-03 06:09:00,1.0285,1.0285,1.02874,1.02869,155
2025-01-03 06:10:00,1.02869,1.02869,1.0289,1.02881,268
2025-01-03 06:11:00,1.02881,1.02878,1.0289,1.02886,164
2025-01-03 06:12:00,1.02886,1.02882,1.02888,1.02885,148
2025-01-03 06:13:00,1.02885,1.02877,1.0289,1.02883,146
2025-01-03 06:14:00,1.02883,1.02883,1.02891,1.02891,106
2025-01-03 06:15:00,1.02891,1.0288,1.02891,1.02881,108
2025-01-03 06:16:00,1.02881,1.0288,1.02901,1.029,106
2025-01-03 06:17:00,1.029,1.029,1.02914,1.02911,123
2025-01-03 06:18:00,1.02911,1.02911,1.0292,1.02917,164
2025-01-03 06:19:00,1.02917,1.02915,1.02918,1.02915,67
2025-01-03 06:20:00,1.02915,1.0291,1.02917,1.02914,111
2025-01-03 06:21:00,1.02914,1.02913,1.02931,1.02928,117
2025-01-03 06:22:00,1.02928,1.02928,1.02944,1.02944,119
2025-01-03 06:23:00,1.02944,1.02941,1.02947,1.02947,84
2025-01-03 06:24:00,1.02947,1.02947,1.02966,1.02963,86
2025-01-03 06:25:00,1.02963,1.02963,1.02975,1.02975,77
2025-01-03 06:26:00,1.02975,1.02971,1.0298,1.02977,108
2025-01-03 06:27:00,1.02977,1.02977,1.02987,1.02987,84
2025-01-03 06:28:00,1.02987,1.02976,1.02988,1.02977,104
2025-01-03 06:29:00,1.02977,1.02973,1.02981,1.02976,109
2025-01-03 06:30:00,1.02976,1.02941,1.02977,1.02944,261
2025-01-03 06:31:00,1.02944,1.0292,1.02946,1.02922,220
2025-01-03 06:32:00,1.02922,1.02917,1.02926,1.02925,174
2025-01-03 06:33:00,1.02925,1.02922,1.02934,1.02927,178
2025-01-03 06:34:00,1.02927,1.02927,1.02937,1.02937,136
2025-01-03 06:35:00,1.02937,1.02933,1.02943,1.0294,198
2025-01-03 06:36:00,1.0294,1.02939,1.02948,1.02948,115
2025-01-03 06:37:00,1.02948,1.02945,1.02964,1.02963,159
2025-01-03 06:38:00,1.02963,1.02958,1.02966,1.02965,102
2025-01-03 06:39:00,1.02965,1.02954,1.02966,1.02964,73
2025-01-03 06:40:00,1.02964,1.02956,1.02965,1.02964,86
2025-01-03 06:41:00,1.02964,1.02963,1.02979,1.02974,144
2025-01-03 06:42:00,1.02974,1.02974,1.02984,1.02984,74
2025-01-03 06:43:00,1.02984,1.02977,1.02984,1.02979,101
2025-01-03 06:44:00,1.02979,1.02979,1.02995,1.02993,134
2025-01-03 06:45:00,1.02993,1.02984,1.02995,1.02992,62
2025-01-03 06:46:00,1.02992,1.02991,1.02997,1.02992,123
2025-01-03 06:47:00,1.02992,1.02988,1.03002,1.03,124
2025-01-03 06:48:00,1.03,1.02988,1.03007,1.03006,155
2025-01-03 06:49:00,1.03006,1.03006,1.03025,1.03025,73
2025-01-03 06:50:00,1.03025,1.03017,1.03025,1.03022,91
2025-01-03 06:51:00,1.03022,1.03012,1.03024,1.03022,134
2025-01-03 06:52:00,1.03022,1.03021,1.03023,1.03022,68
2025-01-03 06:53:00,1.03022,1.03002,1.03022,1.03006,118
2025-01-03 06:54:00,1.03006,1.03,1.03016,1.03015,106
2025-01-03 06:55:00,1.03015,1.0301,1.03022,1.03018,100
2025-01-03 06:56:00,1.03018,1.03004,1.03022,1.03012,158
2025-01-03 06:57:00,1.03012,1.02982,1.03012,1.02989,209
2025-01-03 06:58:00,1.02989,1.02983,1.0299,1.02984,139
2025-01-03 06:59:00,1.02984,1.02969,1.02986,1.02969,164
2025-01-03 07:00:00,1.02969,1.0296,1.02974,1.02972,150
2025-01-03 07:01:00,1.02972,1.0297,1.02979,1.02973,198
2025-01-03 07:02:00,1.02973,1.02968,1.02987,1.02973,182
2025-01-03 07:03:00,1.02973,1.02947,1.02977,1.02947,171
2025-01-03 07:04:00,1.02947,1.02944,1.02969,1.02969,210
2025-01-03 07:05:00,1.02969,1.02968,1.0299,1.02986,189
2025-01-03 07:06:00,1.02986,1.02974,1.0299,1.02988,134
2025-01-03 07:07:00,1.02988,1.02988,1.03003,1.03,113
2025-01-03 07:08:00,1.03,1.02995,1.03002,1.02997,111
2025-01-03 07:09:00,1.02997,1.02977,1.03006,1.02978,154
2025-01-03 07:10:00,1.02978,1.02948,1.02979,1.02958,177
2025-01-03 07:11:00,1.02958,1.02943,1.0296,1.02957,207
2025-01-03 07:12:00,1.02957,1.02943,1.02962,1.0296,190
2025-01-03 07:13:00,1.0296,1.02958,1.02969,1.02965,183
2025-01-03 07:14:00,1.02965,1.0296,1.0297,1.02964,142
2025-01-03 07:15:00,1.02964,1.02953,1.02967,1.02964,185
2025-01-03 07:16:00,1.02964,1.02948,1.02964,1.02952,136
2025-01-03 07:17:00,1.02952,1.02952,1.02968,1.02964,104
2025-01-03 07:18:00,1.02964,1.02951,1.02965,1.02952,78
2025-01-03 07:19:00,1.02952,1.02946,1.02955,1.02946,154
2025-01-03 07:20:00,1.02946,1.02941,1.02958,1.02949,152
2025-01-03 07:21:00,1.02949,1.02943,1.02954,1.02951,183
2025-01-03 07:22:00,1.02951,1.02951,1.02964,1.02963,156
2025-01-03 07:23:00,1.02963,1.02944,1.02963,1.02945,238
2025-01-03 07:24:00,1.02945,1.02942,1.02954,1.02952,131
2025-01-03 07:25:00,1.02952,1.02946,1.02953,1.02949,170
2025-01-03 07:26:00,1.02949,1.0294,1.02954,1.0294,137
2025-01-03 07:27:00,1.0294,1.02939,1.02954,1.02953,125
2025-01-03 07:28:00,1.02953,1.02953,1.02959,1.02954,139
2025-01-03 07:29:00,1.02954,1.02953,1.02963,1.02958,142
2025-01-03 07:30:00,1.02958,1.02953,1.02973,1.02973,162
2025-01-03 07:31:00,1.02973,1.02967,1.02977,1.02968,134
2025-01-03 07:32:00,1.02968,1.02963,1.02973,1.02966,97
2025-01-03 07:33:00,1.02966,1.02953,1.02977,1.02974,232
2025-01-03 07:34:00,1.02974,1.0297,1.02979,1.02979,137
2025-01-03 07:35:00,1.02979,1.02978,1.02991,1.02989,193
2025-01-03 07:36:00,1.02989,1.02988,1.02996,1.02995,180
2025-01-03 07:37:00,1.02995,1.02989,1.03003,1.03002,47
2025-01-03 07:38:00,1.03002,1.02986,1.03003,1.02996,134
2025-01-03 07:39:00,1.02996,1.0299,1.03,1.03,164
2025-01-03 07:40:00,1.03,1.02997,1.03005,1.03004,86
2025-01-03 07:41:00,1.03004,1.02999,1.03005,1.03001,131
2025-01-03 07:42:00,1.03001,1.02983,1.03001,1.02983,140
2025-01-03 07:43:00,1.02983,1.02959,1.02988,1.0296,137
2025-01-03 07:44:00,1.0296,1.02959,1.02975,1.02974,147
2025-01-03 07:45:00,1.02974,1.02973,1.02984,1.02977,99
2025-01-03 07:46:00,1.02977,1.02977,1.0299,1.02986,100
2025-01-03 07:47:00,1.02986,1.02974,1.02999,1.02974,141
2025-01-03 07:48:00,1.02974,1.0297,1.02989,1.02989,124
2025-01-03 07:49:00,1.02989,1.02986,1.03,1.02994,211
2025-01-03 07:50:00,1.02994,1.02991,1.03,1.02998,147
2025-01-03 07:51:00,1.02998,1.02991,1.03005,1.02994,121
2025-01-03 07:52:00,1.02994,1.02984,1.02999,1.02988,124
2025-01-03 07:53:00,1.02988,1.0296,1.0299,1.0296,197
2025-01-03 07:54:00,1.0296,1.02957,1.02969,1.02968,199
2025-01-03 07:55:00,1.02968,1.02958,1.02972,1.02968,173
2025-01-03 07:56:00,1.02968,1.02952,1.02969,1.02955,206
2025-01-03 07:57:00,1.02955,1.02949,1.02964,1.02964,277
2025-01-03 07:58:00,1.02964,1.02955,1.02965,1.02957,186
2025-01-03 07:59:00,1.02957,1.02951,1.02963,1.02953,153
2025-01-03 08:00:00,1.02953,1.02953,1.02963,1.0296,226
2025-01-03 08:01:00,1.0296,1.02955,1.02962,1.02956,112
2025-01-03 08:02:00,1.02956,1.02956,1.02976,1.02973,160
2025-01-03 08:03:00,1.02973,1.02973,1.02983,1.02976,124
2025-01-03 08:04:00,1.02976,1.0297,1.02988,1.02971,182
2025-01-03 08:05:00,1.02971,1.02964,1.02974,1.02967,145
2025-01-03 08:06:00,1.02967,1.02966,1.02977,1.02967,185
2025-01-03 08:07:00,1.02967,1.02955,1.02968,1.02963,112
2025-01-03 08:08:00,1.02963,1.02963,1.02977,1.02974,137
2025-01-03 08:09:00,1.02974,1.02963,1.02984,1.02982,167
2025-01-03 08:10:00,1.02982,1.02971,1.02982,1.02974,139
2025-01-03 08:11:00,1.02974,1.02974,1.02998,1.02997,132
2025-01-03 08:12:00,1.02997,1.02973,1.02998,1.02973,100
2025-01-03 08:13:00,1.02973,1.02952,1.02973,1.02952,103
2025-01-03 08:14:00,1.02952,1.0295,1.02978,1.02974,142
2025-01-03 08:15:00,1.02974,1.02952,1.02977,1.02953,172
2025-01-03 08:16:00,1.02953,1.02951,1.02959,1.02953,116
2025-01-03 08:17:00,1.02953,1.0294,1.02954,1.02951,92
2025-01-03 08:18:00,1.02951,1.02951,1.02959,1.02951,170
2025-01-03 08:19:00,1.02951,1.02944,1.02954,1.02948,164
2025-01-03 08:20:00,1.02948,1.02926,1.02948,1.02928,233
2025-01-03 08:21:00,1.02928,1.02928,1.0295,1.02939,297
2025-01-03 08:22:00,1.02939,1.02923,1.02942,1.02924,114
2025-01-03 08:23:00,1.02924,1.02912,1.02924,1.02918,153
2025-01-03 08:24:00,1.02918,1.02917,1.02938,1.02936,186
2025-01-03 08:25:00,1.02936,1.0292,1.02941,1.02923,190
2025-01-03 08:26:00,1.02923,1.0292,1.02953,1.02952,287
2025-01-03 08:27:00,1.02952,1.02913,1.02952,1.02918,277
2025-01-03 08:28:00,1.02918,1.02918,1.02929,1.02926,226
2025-01-03 08:29:00,1.02926,1.02926,1.02943,1.02935,160
2025-01-03 08:30:00,1.02935,1.0293,1.02959,1.02958,119
2025-01-03 08:31:00,1.02958,1.02958,1.02977,1.02969,153
2025-01-03 08:32:00,1.02969,1.02968,1.02979,1.02978,137
2025-01-03 08:33:00,1.02978,1.02968,1.02978,1.02976,180
2025-01-03 08:34:00,1.02976,1.02972,1.0298,1.02975,112
2025-01-03 08:35:00,1.02975,1.02961,1.02978,1.02962,130
2025-01-03 08:36:00,1.02962,1.02953,1.02962,1.02954,83
2025-01-03 08:37:00,1.02954,1.02945,1.0296,1.02947,127
2025-01-03 08:38:00,1.02947,1.02935,1.02949,1.02936,232
2025-01-03 08:39:00,1.02936,1.02936,1.02959,1.02958,228
2025-01-03 08:40:00,1.02958,1.02958,1.02968,1.02964,233
2025-01-03 08:41:00,1.02964,1.02954,1.0298,1.02978,217
2025-01-03 08:42:00,1.02978,1.02978,1.02994,1.02993,189
2025-01-03 08:43:00,1.02993,1.02984,1.02996,1.02984,246
2025-01-03 08:44:00,1.02984,1.02974,1.02991,1.02991,251
2025-01-03 08:45:00,1.02991,1.02985,1.02994,1.02993,247
2025-01-03 08:46:00,1.02993,1.0299,1.02994,1.02992,139
2025-01-03 08:47:00,1.02992,1.02969,1.02993,1.02977,256
2025-01-03 08:48:00,1.02977,1.02963,1.02978,1.02967,127
2025-01-03 08:49:00,1.02967,1.02962,1.02977,1.02968,157
2025-01-03 08:50:00,1.02968,1.02948,1.02974,1.02949,234
2025-01-03 08:51:00,1.02949,1.02935,1.02964,1.02937,284
2025-01-03 08:52:00,1.02937,1.02917,1.02943,1.02923,191
2025-01-03 08:53:00,1.02923,1.02918,1.02923,1.0292,199
2025-01-03 08:54:00,1.0292,1.02919,1.02943,1.02932,225
2025-01-03 08:55:00,1.02932,1.02928,1.02947,1.02944,314
2025-01-03 08:56:00,1.02944,1.02933,1.02957,1.02933,374
2025-01-03 08:57:00,1.02933,1.02913,1.02934,1.02913,281
2025-01-03 08:58:00,1.02913,1.0291,1.02924,1.02913,199
2025-01-03 08:59:00,1.02913,1.02912,1.02929,1.02928,248
2025-01-03 09:00:00,1.02928,1.02904,1.02929,1.02917,225
2025-01-03 09:01:00,1.02917,1.02901,1.02917,1.02901,212
2025-01-03 09:02:00,1.02901,1.02889,1.02903,1.02893,202
2025-01-03 09:03:00,1.02893,1.02887,1.02904,1.029,255
2025-01-03 09:04:00,1.029,1.02891,1.02904,1.02895,185
2025-01-03 09:05:00,1.02895,1.02885,1.0291,1.02888,261
2025-01-03 09:06:00,1.02888,1.02888,1.02909,1.02902,284
2025-01-03 09:07:00,1.02902,1.02884,1.02902,1.02889,239
2025-01-03 09:08:00,1.02889,1.02877,1.02889,1.02879,173
2025-01-03 09:09:00,1.02879,1.02877,1.02893,1.0289,218
2025-01-03 09:10:00,1.0289,1.02883,1.02903,1.0289,213
2025-01-03 09:11:00,1.0289,1.0289,1.02904,1.02901,146
2025-01-03 09:12:00,1.02901,1.02896,1.02903,1.02903,125
2025-01-03 09:13:00,1.02903,1.02901,1.02916,1.02914,157
2025-01-03 09:14:00,1.02914,1.02893,1.02921,1.02895,130
2025-01-03 09:15:00,1.02895,1.02895,1.0292,1.02918,214
2025-01-03 09:16:00,1.02918,1.02899,1.02918,1.02905,172
2025-01-03 09:17:00,1.02905,1.02901,1.02915,1.02913,161
2025-01-03 09:18:00,1.02913,1.02895,1.02914,1.0291,177
2025-01-03 09:19:00,1.0291,1.02901,1.02925,1.02925,150
2025-01-03 09:20:00,1.02925,1.02912,1.02935,1.02912,233
2025-01-03 09:21:00,1.02912,1.02912,1.02931,1.02928,235
2025-01-03 09:22:00,1.02928,1.02919,1.02936,1.02925,167
2025-01-03 09:23:00,1.02925,1.02918,1.02932,1.02931,181
2025-01-03 09:24:00,1.02931,1.02919,1.02939,1.02939,209
2025-01-03 09:25:00,1.02939,1.02922,1.02944,1.02922,189
2025-01-03 09:26:00,1.02922,1.02917,1.0293,1.02929,220
2025-01-03 09:27:00,1.02929,1.02921,1.0293,1.02925,147
2025-01-03 09:28:00,1.02925,1.02914,1.02926,1.02915,158
2025-01-03 09:29:00,1.02915,1.02905,1.02915,1.02908,162
2025-01-03 09:30:00,1.02908,1.02908,1.02925,1.02925,241
2025-01-03 09:31:00,1.02925,1.02894,1.02925,1.02894,320
2025-01-03 09:32:00,1.02894,1.02889,1.02901,1.02891,239
2025-01-03 09:33:00,1.02891,1.0289,1.02925,1.02925,185
2025-01-03 09:34:00,1.02925,1.02917,1.0294,1.0292,269
2025-01-03 09:35:00,1.0292,1.02899,1.02921,1.029,209
2025-01-03 09:36:00,1.029,1.029,1.02915,1.02905,253
2025-01-03 09:37:00,1.02905,1.02898,1.02909,1.02899,161
2025-01-03 09:38:00,1.02899,1.02899,1.02919,1.02909,191
2025-01-03 09:39:00,1.02909,1.02908,1.02933,1.02931,175
2025-01-03 09:40:00,1.02931,1.0293,1.02951,1.02949,173
2025-01-03 09:41:00,1.02949,1.02949,1.02981,1.02976,278
2025-01-03 09:42:00,1.02976,1.0295,1.02976,1.02971,309
2025-01-03 09:43:00,1.02971,1.0296,1.02975,1.0296,213
2025-01-03 09:44:00,1.0296,1.02959,1.0297,1.02964,223
2025-01-03 09:45:00,1.02964,1.02951,1.02964,1.02956,194
2025-01-03 09:46:00,1.02956,1.02956,1.02971,1.02965,236
2025-01-03 09:47:00,1.02965,1.02965,1.02977,1.02968,212
2025-01-03 09:48:00,1.02968,1.0296,1.02978,1.0297,213
2025-01-03 09:49:00,1.0297,1.02962,1.02975,1.02975,131
2025-01-03 09:50:00,1.02975,1.02965,1.02975,1.0297,214
2025-01-03 09:51:00,1.0297,1.02969,1.02985,1.02979,221
2025-01-03 09:52:00,1.02979,1.02977,1.02985,1.02979,98
2025-01-03 09:53:00,1.02979,1.02978,1.02985,1.02978,186
2025-01-03 09:54:00,1.02978,1.02971,1.02985,1.02982,225
2025-01-03 09:55:00,1.02982,1.02979,1.02988,1.02985,129
2025-01-03 09:56:00,1.02985,1.0297,1.02985,1.02979,223
2025-01-03 09:57:00,1.02979,1.02979,1.02998,1.02986,136
2025-01-03 09:58:00,1.02986,1.02985,1.03014,1.03014,139
2025-01-03 09:59:00,1.03014,1.02996,1.03021,1.03,297
2025-01-03 10:00:00,1.03,1.02918,1.03002,1.03,1119
2025-01-03 10:01:00,1.03,1.02935,1.03013,1.02954,771
2025-01-03 10:02:00,1.02954,1.02935,1.02986,1.02986,450
2025-01-03 10:03:00,1.02986,1.02973,1.02996,1.02994,395
2025-01-03 10:04:00,1.02994,1.0296,1.03005,1.02997,704
2025-01-03 10:05:00,1.02997,1.02983,1.03054,1.03017,1171
2025-01-03 10:06:00,1.03017,1.03017,1.03054,1.03025,757
2025-01-03 10:07:00,1.03025,1.02982,1.03026,1.02984,589
2025-01-03 10:08:00,1.02984,1.02973,1.03003,1.02999,543
2025-01-03 10:09:00,1.02999,1.02974,1.03004,1.02985,473
2025-01-03 10:10:00,1.02985,1.02984,1.03024,1.03006,484
2025-01-03 10:11:00,1.03006,1.02975,1.03009,1.02985,500
2025-01-03 10:12:00,1.02985,1.02959,1.02987,1.02979,411
2025-01-03 10:13:00,1.02979,1.0296,1.02988,1.02961,489
2025-01-03 10:14:00,1.02961,1.02886,1.02961,1.02887,527
2025-01-03 10:15:00,1.02887,1.02883,1.02908,1.02883,453
2025-01-03 10:16:00,1.02883,1.02877,1.02904,1.02883,384
2025-01-03 10:17:00,1.02883,1.02858,1.02887,1.02869,419
2025-01-03 10:18:00,1.02869,1.02867,1.02892,1.02867,513
2025-01-03 10:19:00,1.02867,1.02853,1.02885,1.02858,442
2025-01-03 10:20:00,1.02858,1.02828,1.0286,1.02829,392
2025-01-03 10:21:00,1.02829,1.02806,1.02832,1.02818,540
2025-01-03 10:22:00,1.02818,1.02817,1.02844,1.0283,315
2025-01-03 10:23:00,1.0283,1.02808,1.02833,1.02823,391
2025-01-03 10:24:00,1.02823,1.02792,1.02824,1.02819,313
2025-01-03 10:25:00,1.02819,1.02817,1.02845,1.02818,424
2025-01-03 10:26:00,1.02818,1.0281,1.02827,1.02827,224
2025-01-03 10:27:00,1.02827,1.02805,1.02831,1.02808,243
2025-01-03 10:28:00,1.02808,1.02736,1.02809,1.02745,359
2025-01-03 10:29:00,1.02745,1.02731,1.0275,1.02747,406
2025-01-03 10:30:00,1.02747,1.02728,1.02768,1.02736,541
2025-01-03 10:31:00,1.02736,1.02728,1.0276,1.02753,548
2025-01-03 10:32:00,1.02753,1.02751,1.02778,1.02769,369
2025-01-03 10:33:00,1.02769,1.02756,1.02775,1.02774,314
2025-01-03 10:34:00,1.02774,1.02774,1.02825,1.02821,368
2025-01-03 10:35:00,1.02821,1.02802,1.02824,1.02815,418
2025-01-03 10:36:00,1.02815,1.02802,1.02832,1.02802,334
2025-01-03 10:37:00,1.02802,1.02801,1.0282,1.02811,438
2025-01-03 10:38:00,1.02811,1.02809,1.02825,1.02825,372
2025-01-03 10:39:00,1.02825,1.02825,1.02846,1.02843,257
2025-01-03 10:40:00,1.02843,1.02825,1.02847,1.02834,348
2025-01-03 10:41:00,1.02834,1.02828,1.0284,1.02829,380
2025-01-03 10:42:00,1.02829,1.02814,1.02832,1.02821,325
2025-01-03 10:43:00,1.02821,1.0281,1.02825,1.02821,279
2025-01-03 10:44:00,1.02821,1.0282,1.02842,1.0283,266
2025-01-03 10:45:00,1.0283,1.02822,1.02846,1.02846,260
2025-01-03 10:46:00,1.02846,1.0283,1.02849,1.02833,267
2025-01-03 10:47:00,1.02833,1.0281,1.02837,1.0281,205
2025-01-03 10:48:00,1.0281,1.02805,1.02834,1.0283,234
2025-01-03 10:49:00,1.0283,1.02828,1.02865,1.02865,232
2025-01-03 10:50:00,1.02865,1.0286,1.02875,1.02861,292
2025-01-03 10:51:00,1.02861,1.02845,1.02873,1.02845,332
2025-01-03 10:52:00,1.02845,1.02845,1.02871,1.02845,310
2025-01-03 10:53:00,1.02845,1.02845,1.02859,1.02858,303
2025-01-03 10:54:00,1.02858,1.02837,1.02858,1.02856,359
2025-01-03 10:55:00,1.02856,1.0285,1.02868,1.02856,258
2025-01-03 10:56:00,1.02856,1.02856,1.02877,1.02865,265
2025-01-03 10:57:00,1.02865,1.02848,1.02872,1.02868,389
2025-01-03 10:58:00,1.02868,1.02863,1.02874,1.02872,303
2025-01-03 10:59:00,1.02872,1.02868,1.02889,1.02888,236
2025-01-03 11:00:00,1.02888,1.02877,1.02893,1.02893,397
2025-01-03 11:01:00,1.02893,1.02887,1.02909,1.02893,365
2025-01-03 11:02:00,1.02893,1.02885,1.02921,1.02915,344
2025-01-03 11:03:00,1.02915,1.0291,1.02932,1.02932,276
2025-01-03 11:04:00,1.02932,1.02917,1.02932,1.0292,299
2025-01-03 11:05:00,1.0292,1.02916,1.0294,1.02924,294
2025-01-03 11:06:00,1.02924,1.02915,1.0293,1.02926,145
2025-01-03 11:07:00,1.02926,1.02916,1.02935,1.02916,230
2025-01-03 11:08:00,1.02916,1.02916,1.02931,1.02917,201
2025-01-03 11:09:00,1.02917,1.02895,1.02923,1.02896,177
2025-01-03 11:10:00,1.02896,1.02892,1.02905,1.02894,122
2025-01-03 11:11:00,1.02894,1.02862,1.02895,1.02862,110
2025-01-03 11:12:00,1.02862,1.02858,1.02869,1.0286,159
2025-01-03 11:13:00,1.0286,1.02859,1.02886,1.02883,165
2025-01-03 11:14:00,1.02883,1.02881,1.0289,1.0289,172
2025-01-03 11:15:00,1.0289,1.0289,1.02913,1.02908,202
2025-01-03 11:16:00,1.02908,1.02908,1.02923,1.02909,154
2025-01-03 11:17:00,1.02909,1.029,1.02924,1.02921,222
2025-01-03 11:18:00,1.02921,1.02917,1.02935,1.02918,177
2025-01-03 11:19:00,1.02918,1.02911,1.02935,1.02926,150
2025-01-03 11:20:00,1.02926,1.02907,1.02929,1.02911,156
2025-01-03 11:21:00,1.02911,1.02895,1.02918,1.02917,147
2025-01-03 11:22:00,1.02917,1.02915,1.02924,1.02916,178
2025-01-03 11:23:00,1.02916,1.02915,1.02927,1.02918,156
2025-01-03 11:24:00,1.02918,1.02916,1.02926,1.02922,199
2025-01-03 11:25:00,1.02922,1.0291,1.02923,1.02921,154
2025-01-03 11:26:00,1.02921,1.02915,1.02924,1.02921,114
2025-01-03 11:27:00,1.02921,1.02915,1.02931,1.02925,142
2025-01-03 11:28:00,1.02925,1.02925,1.02945,1.02945,140
2025-01-03 11:29:00,1.02945,1.02943,1.02957,1.02953,126
2025-01-03 11:30:00,1.02953,1.02951,1.02979,1.02978,241
2025-01-03 11:31:00,1.02978,1.02975,1.02986,1.02982,177
2025-01-03 11:32:00,1.02982,1.02976,1.0299,1.02988,179
2025-01-03 11:33:00,1.02988,1.0298,1.02995,1.02982,170
2025-01-03 11:34:00,1.02982,1.02981,1.02988,1.02988,148
2025-01-03 11:35:00,1.02988,1.02965,1.02988,1.02966,170
2025-01-03 11:36:00,1.02966,1.02956,1.02974,1.02956,156
2025-01-03 11:37:00,1.02956,1.02937,1.02961,1.02944,244
2025-01-03 11:38:00,1.02944,1.02935,1.02949,1.02939,216
2025-01-03 11:39:00,1.02939,1.02913,1.0294,1.02918,322
2025-01-03 11:40:00,1.02918,1.02904,1.02919,1.02905,221
2025-01-03 11:41:00,1.02905,1.02873,1.02905,1.02875,217
2025-01-03 11:42:00,1.02875,1.02873,1.02879,1.02876,196
2025-01-03 11:43:00,1.02876,1.02863,1.02876,1.02863,253
2025-01-03 11:44:00,1.02863,1.02863,1.02894,1.02894,194
2025-01-03 11:45:00,1.02894,1.02879,1.02894,1.02891,174
2025-01-03 11:46:00,1.02891,1.02887,1.02906,1.02889,214
2025-01-03 11:47:00,1.02889,1.02876,1.02898,1.02876,161
2025-01-03 11:48:00,1.02876,1.02876,1.02889,1.02878,161
2025-01-03 11:49:00,1.02878,1.02864,1.02879,1.02865,120
2025-01-03 11:50:00,1.02865,1.02863,1.02879,1.02879,112
2025-01-03 11:51:00,1.02879,1.02861,1.02885,1.02867,159
2025-01-03 11:52:00,1.02867,1.02835,1.02867,1.02842,203
2025-01-03 11:53:00,1.02842,1.02833,1.02849,1.02836,141
2025-01-03 11:54:00,1.02836,1.02835,1.02852,1.02851,80
2025-01-03 11:55:00,1.02851,1.02851,1.02871,1.02868,156
2025-01-03 11:56:00,1.02868,1.02854,1.02869,1.02861,188
2025-01-03 11:57:00,1.02861,1.0286,1.02878,1.02875,177
2025-01-03 11:58:00,1.02875,1.02873,1.0289,1.02885,106
2025-01-03 11:59:00,1.02885,1.02885,1.02905,1.02905,123
2025-01-03 12:00:00,1.02905,1.02905,1.02936,1.02936,133
2025-01-03 12:01:00,1.02936,1.02912,1.02936,1.0292,195
2025-01-03 12:02:00,1.0292,1.02915,1.02937,1.02915,241
2025-01-03 12:03:00,1.02915,1.02915,1.02937,1.02936,133
2025-01-03 12:04:00,1.02936,1.02924,1.02959,1.02959,164
2025-01-03 12:05:00,1.02959,1.02959,1.02972,1.0297,176
2025-01-03 12:06:00,1.0297,1.0297,1.02992,1.02991,198
2025-01-03 12:07:00,1.02991,1.02989,1.03022,1.03016,239
2025-01-03 12:08:00,1.03016,1.03006,1.03024,1.03024,228
2025-01-03 12:09:00,1.03024,1.03015,1.03031,1.03029,195
2025-01-03 12:10:00,1.03029,1.03005,1.03029,1.03022,237
2025-01-03 12:11:00,1.03022,1.03003,1.03023,1.03022,166
2025-01-03 12:12:00,1.03022,1.03015,1.03025,1.03018,145
2025-01-03 12:13:00,1.03018,1.0301,1.03022,1.0302,153
2025-01-03 12:14:00,1.0302,1.03016,1.03022,1.03021,114
2025-01-03 12:15:00,1.03021,1.03021,1.0304,1.03037,188
2025-01-03 12:16:00,1.03037,1.03035,1.03042,1.03037,91
2025-01-03 12:17:00,1.03037,1.03032,1.03042,1.03033,111
2025-01-03 12:18:00,1.03033,1.03025,1.03036,1.03032,165
2025-01-03 12:19:00,1.03032,1.0301,1.03032,1.0301,143
2025-01-03 12:20:00,1.0301,1.02995,1.03021,1.02995,264
2025-01-03 12:21:00,1.02995,1.02986,1.03,1.02996,168
2025-01-03 12:22:00,1.02996,1.02995,1.03006,1.02999,217
2025-01-03 12:23:00,1.02999,1.02995,1.03013,1.03013,171
2025-01-03 12:24:00,1.03013,1.03008,1.03022,1.03018,162
2025-01-03 12:25:00,1.03018,1.03018,1.03035,1.03026,146
2025-01-03 12:26:00,1.03026,1.03002,1.03027,1.03005,143
2025-01-03 12:27:00,1.03005,1.03005,1.03015,1.0301,122
2025-01-03 12:28:00,1.0301,1.03001,1.03013,1.03011,180
2025-01-03 12:29:00,1.03011,1.03005,1.0302,1.03019,155
2025-01-03 12:30:00,1.03019,1.03019,1.03034,1.03034,132
2025-01-03 12:31:00,1.03034,1.0303,1.03039,1.03038,107
2025-01-03 12:32:00,1.03038,1.03038,1.03054,1.03047,175
2025-01-03 12:33:00,1.03047,1.0304,1.03049,1.0304,143
2025-01-03 12:34:00,1.0304,1.03027,1.03042,1.03034,174
2025-01-03 12:35:00,1.03034,1.03018,1.03034,1.03019,155
2025-01-03 12:36:00,1.03019,1.02996,1.03019,1.02996,141
2025-01-03 12:37:00,1.02996,1.02985,1.02996,1.02985,147
2025-01-03 12:38:00,1.02985,1.02981,1.02992,1.0299,168
2025-01-03 12:39:00,1.0299,1.0299,1.03014,1.03011,225
2025-01-03 12:40:00,1.03011,1.03006,1.03041,1.03032,235
2025-01-03 12:41:00,1.03032,1.0302,1.03033,1.03021,132
2025-01-03 12:42:00,1.03021,1.03015,1.03035,1.03032,134
2025-01-03 12:43:00,1.03032,1.03002,1.03036,1.03003,203
2025-01-03 12:44:00,1.03003,1.02994,1.03005,1.02995,114
2025-01-03 12:45:00,1.02995,1.0299,1.02999,1.02995,176
2025-01-03 12:46:00,1.02995,1.02992,1.03007,1.03007,156
2025-01-03 12:47:00,1.03007,1.03,1.03012,1.03008,127
2025-01-03 12:48:00,1.03008,1.03,1.03022,1.03014,166
2025-01-03 12:49:00,1.03014,1.03001,1.03017,1.03008,168
2025-01-03 12:50:00,1.03008,1.03001,1.03025,1.03001,232
2025-01-03 12:51:00,1.03001,1.0299,1.03001,1.0299,154
2025-01-03 12:52:00,1.0299,1.02977,1.02994,1.02977,190
2025-01-03 12:53:00,1.02977,1.02973,1.02995,1.02994,154
2025-01-03 12:54:00,1.02994,1.02985,1.02996,1.02995,145
2025-01-03 12:55:00,1.02995,1.02974,1.02995,1.02974,184
2025-01-03 12:56:00,1.02974,1.02967,1.02983,1.02974,180
2025-01-03 12:57:00,1.02974,1.02971,1.02984,1.02974,133
2025-01-03 12:58:00,1.02974,1.02974,1.02985,1.02984,58
2025-01-03 12:59:00,1.02984,1.02972,1.02984,1.02976,145
2025-01-03 13:00:00,1.02976,1.0296,1.02984,1.02963,116
2025-01-03 13:01:00,1.02963,1.02957,1.02969,1.02958,156
2025-01-03 13:02:00,1.02958,1.02939,1.02969,1.0294,226
2025-01-03 13:03:00,1.0294,1.02923,1.0294,1.02924,164
2025-01-03 13:04:00,1.02924,1.0292,1.02937,1.02936,155
2025-01-03 13:05:00,1.02936,1.02936,1.02949,1.02939,194
2025-01-03 13:06:00,1.02939,1.02931,1.02941,1.0294,200
2025-01-03 13:07:00,1.0294,1.02939,1.02944,1.02941,84
2025-01-03 13:08:00,1.02941,1.0293,1.0295,1.0295,112
2025-01-03 13:09:00,1.0295,1.02942,1.02952,1.02949,121
2025-01-03 13:10:00,1.02949,1.02936,1.02949,1.02944,169
2025-01-03 13:11:00,1.02944,1.02942,1.02959,1.02959,103
2025-01-03 13:12:00,1.02959,1.02957,1.02975,1.02975,140
2025-01-03 13:13:00,1.02975,1.0297,1.02976,1.0297,107
2025-01-03 13:14:00,1.0297,1.02962,1.02979,1.02977,150
2025-01-03 13:15:00,1.02977,1.02966,1.02977,1.02966,141
2025-01-03 13:16:00,1.02966,1.02959,1.02971,1.02966,173
2025-01-03 13:17:00,1.02966,1.02965,1.02982,1.02977,140
2025-01-03 13:18:00,1.02977,1.02969,1.02978,1.02975,140
2025-01-03 13:19:00,1.02975,1.02964,1.02975,1.02967,169
2025-01-03 13:20:00,1.02967,1.02967,1.02984,1.02982,199
2025-01-03 13:21:00,1.02982,1.02974,1.02986,1.02976,104
2025-01-03 13:22:00,1.02976,1.02974,1.02978,1.02976,99
2025-01-03 13:23:00,1.02976,1.02975,1.0298,1.02977,117
2025-01-03 13:24:00,1.02977,1.02975,1.02987,1.02986,158
2025-01-03 13:25:00,1.02986,1.02986,1.03009,1.03004,251
2025-01-03 13:26:00,1.03004,1.02999,1.03008,1.03008,186
2025-01-03 13:27:00,1.03008,1.02991,1.03009,1.02995,211
2025-01-03 13:28:00,1.02995,1.02992,1.03007,1.03007,143
2025-01-03 13:29:00,1.03007,1.03004,1.03011,1.03009,164
2025-01-03 13:30:00,1.03009,1.02978,1.03011,1.02989,270
2025-01-03 13:31:00,1.02989,1.02985,1.02999,1.02994,203
2025-01-03 13:32:00,1.02994,1.02994,1.03011,1.03007,148
2025-01-03 13:33:00,1.03007,1.03006,1.03018,1.03014,173
2025-01-03 13:34:00,1.03014,1.03004,1.03014,1.03005,151
2025-01-03 13:35:00,1.03005,1.02999,1.03006,1.03006,164
2025-01-03 13:36:00,1.03006,1.03,1.03007,1.03,99
2025-01-03 13:37:00,1.03,1.02996,1.03006,1.02998,90
2025-01-03 13:38:00,1.02998,1.02997,1.03005,1.03001,98
2025-01-03 13:39:00,1.03001,1.02996,1.03002,1.03,84
2025-01-03 13:40:00,1.03,1.02999,1.0301,1.03005,128
2025-01-03 13:41:00,1.03005,1.03004,1.03015,1.03011,108
2025-01-03 13:42:00,1.03011,1.0299,1.03011,1.0299,95
2025-01-03 13:43:00,1.0299,1.02974,1.0299,1.02974,107
2025-01-03 13:44:00,1.02974,1.02972,1.02984,1.02978,68
2025-01-03 13:45:00,1.02978,1.02977,1.02987,1.02986,89
2025-01-03 13:46:00,1.02986,1.02981,1.0299,1.02987,83
2025-01-03 13:47:00,1.02987,1.02971,1.02987,1.02976,80
2025-01-03 13:48:00,1.02976,1.02959,1.02976,1.0296,115
2025-01-03 13:49:00,1.0296,1.02959,1.02961,1.02959,38
2025-01-03 13:50:00,1.02959,1.02954,1.02966,1.02958,107
2025-01-03 13:51:00,1.02958,1.02951,1.02965,1.02951,83
2025-01-03 13:52:00,1.02951,1.02951,1.02965,1.02961,105
2025-01-03 13:53:00,1.02961,1.02934,1.02961,1.02937,153
2025-01-03 13:54:00,1.02937,1.02937,1.02947,1.02941,107
2025-01-03 13:55:00,1.02941,1.0294,1.02944,1.02943,55
2025-01-03 13:56:00,1.02943,1.02939,1.02953,1.02951,98
2025-01-03 13:57:00,1.02951,1.0295,1.02955,1.02954,76
2025-01-03 13:58:00,1.02954,1.02952,1.02961,1.02959,78
2025-01-03 13:59:00,1.02959,1.02959,1.02973,1.02969,91
2025-01-03 14:00:00,1.02969,1.02955,1.02969,1.02956,127
2025-01-03 14:01:00,1.02956,1.02945,1.02959,1.02946,127
2025-01-03 14:02:00,1.02946,1.02942,1.02952,1.02949,117
2025-01-03 14:03:00,1.02949,1.02941,1.02951,1.02942,88
2025-01-03 14:04:00,1.02942,1.02934,1.02942,1.02938,48
2025-01-03 14:05:00,1.02938,1.02935,1.02945,1.02935,103
2025-01-03 14:06:00,1.02935,1.02935,1.02954,1.02954,107
2025-01-03 14:07:00,1.02954,1.02954,1.02958,1.02955,67
2025-01-03 14:08:00,1.02955,1.02955,1.02964,1.02961,83
2025-01-03 14:09:00,1.02961,1.0296,1.02965,1.02964,35
2025-01-03 14:10:00,1.02964,1.02964,1.02982,1.02981,87
2025-01-03 14:11:00,1.02981,1.02973,1.02981,1.02974,62
2025-01-03 14:12:00,1.02974,1.0296,1.02975,1.0296,97
2025-01-03 14:13:00,1.0296,1.02956,1.02961,1.02958,74
2025-01-03 14:14:00,1.02958,1.02958,1.02976,1.02976,84
2025-01-03 14:15:00,1.02976,1.02972,1.0298,1.0298,83
2025-01-03 14:16:00,1.0298,1.0298,1.03001,1.03001,66
2025-01-03 14:17:00,1.03001,1.02998,1.03011,1.03011,113
2025-01-03 14:18:00,1.03011,1.03,1.03011,1.03,60
2025-01-03 14:19:00,1.03,1.03,1.03015,1.03013,60
2025-01-03 14:20:00,1.03013,1.03004,1.03013,1.03006,56
2025-01-03 14:21:00,1.03006,1.03004,1.03006,1.03006,43
2025-01-03 14:22:00,1.03006,1.03005,1.03018,1.03016,94
2025-01-03 14:23:00,1.03016,1.03014,1.03018,1.03015,55
2025-01-03 14:24:00,1.03015,1.03007,1.03015,1.03011,82
2025-01-03 14:25:00,1.03011,1.03011,1.03021,1.0302,137
2025-01-03 14:26:00,1.0302,1.03017,1.0302,1.03017,68
2025-01-03 14:27:00,1.03017,1.03017,1.03042,1.03039,122
2025-01-03 14:28:00,1.03039,1.03029,1.03041,1.03039,151
2025-01-03 14:29:00,1.03039,1.03034,1.03042,1.03034,247
2025-01-03 14:30:00,1.03034,1.03034,1.03037,1.03037,114
2025-01-03 14:31:00,1.03037,1.03027,1.03037,1.0303,122
2025-01-03 14:32:00,1.0303,1.03023,1.03037,1.03036,148
2025-01-03 14:33:00,1.03036,1.0303,1.03038,1.0303,106
2025-01-03 14:34:00,1.0303,1.03026,1.03032,1.03032,75
2025-01-03 14:35:00,1.03032,1.03032,1.03043,1.03043,77
2025-01-03 14:36:00,1.03043,1.03042,1.03051,1.03049,88
2025-01-03 14:37:00,1.03049,1.03048,1.03057,1.03056,104
2025-01-03 14:38:00,1.03056,1.03052,1.03057,1.03052,63
2025-01-03 14:39:00,1.03052,1.03049,1.03052,1.03051,77
2025-01-03 14:40:00,1.03051,1.03041,1.03051,1.03042,46
2025-01-03 14:41:00,1.03042,1.03034,1.03042,1.03041,86
2025-01-03 14:42:00,1.03041,1.03039,1.03047,1.03041,82
2025-01-03 14:43:00,1.03041,1.03037,1.03041,1.0304,36
2025-01-03 14:44:00,1.0304,1.0304,1.03052,1.03052,92
2025-01-03 14:45:00,1.03052,1.03042,1.03052,1.03048,128
2025-01-03 14:46:00,1.03048,1.03045,1.03049,1.03047,85
2025-01-03 14:47:00,1.03047,1.0303,1.03047,1.03034,130
2025-01-03 14:48:00,1.03034,1.03032,1.03035,1.03034,80
2025-01-03 14:49:00,1.03034,1.03031,1.03035,1.03032,54
2025-01-03 14:50:00,1.03032,1.03021,1.03033,1.03022,62
2025-01-03 14:51:00,1.03022,1.03006,1.03023,1.03007,121
2025-01-03 14:52:00,1.03007,1.02994,1.03008,1.02994,100
2025-01-03 14:53:00,1.02994,1.02993,1.03,1.02999,158
2025-01-03 14:54:00,1.02999,1.02998,1.03012,1.03,123
2025-01-03 14:55:00,1.03,1.02984,1.03,1.02992,183
2025-01-03 14:56:00,1.02992,1.02983,1.02997,1.02988,112
2025-01-03 14:57:00,1.02988,1.02987,1.03006,1.03003,170
2025-01-03 14:58:00,1.03003,1.03003,1.03021,1.03019,122
2025-01-03 14:59:00,1.03019,1.03007,1.03023,1.03009,286
2025-01-03 15:00:00,1.03009,1.0299,1.03009,1.02991,226
2025-01-03 15:01:00,1.02991,1.02985,1.03,1.02999,119
2025-01-03 15:02:00,1.02999,1.02999,1.03008,1.03005,131
2025-01-03 15:03:00,1.03005,1.03005,1.03018,1.03016,134
2025-01-03 15:04:00,1.03016,1.03005,1.03016,1.03008,133
2025-01-03 15:05:00,1.03008,1.03003,1.03016,1.03006,100
2025-01-03 15:06:00,1.03006,1.03004,1.03021,1.03021,117
2025-01-03 15:07:00,1.03021,1.03017,1.03039,1.03039,148
2025-01-03 15:08:00,1.03039,1.03024,1.03042,1.03028,116
2025-01-03 15:09:00,1.03028,1.03025,1.03034,1.03034,71
2025-01-03 15:10:00,1.03034,1.03028,1.03037,1.03036,124
2025-01-03 15:11:00,1.03036,1.03033,1.03043,1.03042,93
2025-01-03 15:12:00,1.03042,1.03035,1.0305,1.03046,139
2025-01-03 15:13:00,1.03046,1.03043,1.03055,1.03055,92
2025-01-03 15:14:00,1.03055,1.0305,1.03065,1.03064,93
2025-01-03 15:15:00,1.03064,1.03054,1.03065,1.03058,53
2025-01-03 15:16:00,1.03058,1.03055,1.03064,1.03063,66
2025-01-03 15:17:00,1.03063,1.03063,1.03071,1.03066,96
2025-01-03 15:18:00,1.03066,1.03061,1.0307,1.03066,101
2025-01-03 15:19:00,1.03066,1.03055,1.03069,1.03055,99
2025-01-03 15:20:00,1.03055,1.03044,1.0306,1.03049,130
2025-01-03 15:21:00,1.03049,1.03044,1.03049,1.03049,104
2025-01-03 15:22:00,1.03049,1.03047,1.03057,1.03057,69
2025-01-03 15:23:00,1.03057,1.03052,1.03058,1.03053,36
2025-01-03 15:24:00,1.03053,1.03043,1.03053,1.03043,100
2025-01-03 15:25:00,1.03043,1.03042,1.03047,1.03047,47
2025-01-03 15:26:00,1.03047,1.03037,1.03047,1.03039,87
2025-01-03 15:27:00,1.03039,1.03037,1.03039,1.03037,36
2025-01-03 15:28:00,1.03037,1.0302,1.03037,1.03026,122
2025-01-03 15:29:00,1.03026,1.03025,1.03028,1.03027,48
2025-01-03 15:30:00,1.03027,1.03017,1.03027,1.03017,77
2025-01-03 15:31:00,1.03017,1.03017,1.03027,1.03027,83
2025-01-03 15:32:00,1.03027,1.03025,1.03027,1.03026,86
2025-01-03 15:33:00,1.03026,1.03026,1.03028,1.03028,55
2025-01-03 15:34:00,1.03028,1.03027,1.03034,1.03032,97
2025-01-03 15:35:00,1.03032,1.03027,1.03034,1.03031,62
2025-01-03 15:36:00,1.03031,1.03017,1.03031,1.03018,76
2025-01-03 15:37:00,1.03018,1.03007,1.03018,1.03015,101
2025-01-03 15:38:00,1.03015,1.03012,1.03022,1.03021,75
2025-01-03 15:39:00,1.03021,1.03016,1.03022,1.03021,72
2025-01-03 15:40:00,1.03021,1.03012,1.03022,1.03015,83
2025-01-03 15:41:00,1.03015,1.03011,1.03017,1.03017,54
2025-01-03 15:42:00,1.03017,1.03006,1.03017,1.03006,54
2025-01-03 15:43:00,1.03006,1.03006,1.03012,1.03011,70
2025-01-03 15:44:00,1.03011,1.0301,1.03018,1.03018,64
2025-01-03 15:45:00,1.03018,1.03011,1.03019,1.03017,75
2025-01-03 15:46:00,1.03017,1.03012,1.03021,1.03017,88
2025-01-03 15:47:00,1.03017,1.03014,1.03025,1.03024,81
2025-01-03 15:48:00,1.03024,1.03014,1.03024,1.03015,73
2025-01-03 15:49:00,1.03015,1.03011,1.03018,1.03017,96
2025-01-03 15:50:00,1.03017,1.03016,1.03033,1.03033,83
2025-01-03 15:51:00,1.03033,1.03031,1.03048,1.03047,93
2025-01-03 15:52:00,1.03047,1.03042,1.03052,1.03051,99
2025-01-03 15:53:00,1.03051,1.03047,1.03054,1.03049,84
2025-01-03 15:54:00,1.03049,1.03047,1.03055,1.03053,57
2025-01-03 15:55:00,1.03053,1.03048,1.03058,1.03051,95
2025-01-03 15:56:00,1.03051,1.03051,1.03061,1.03058,68
2025-01-03 15:57:00,1.03058,1.0305,1.03061,1.03061,139
2025-01-03 15:58:00,1.03061,1.03059,1.03069,1.03059,126
2025-01-03 15:59:00,1.03059,1.03052,1.03059,1.03054,148
2025-01-03 16:00:00,1.03054,1.03044,1.03054,1.03048,177
2025-01-03 16:01:00,1.03048,1.03048,1.0307,1.0307,95
2025-01-03 16:02:00,1.0307,1.03062,1.03073,1.03073,96
2025-01-03 16:03:00,1.03073,1.0307,1.03078,1.03075,83
2025-01-03 16:04:00,1.03075,1.03071,1.03079,1.03076,51
2025-01-03 16:05:00,1.03076,1.03075,1.03086,1.03086,84
2025-01-03 16:06:00,1.03086,1.03081,1.03089,1.03088,27
2025-01-03 16:07:00,1.03088,1.03085,1.03094,1.03086,66
2025-01-03 16:08:00,1.03086,1.03081,1.03091,1.03091,66
2025-01-03 16:09:00,1.03091,1.0309,1.03096,1.03095,33
2025-01-03 16:10:00,1.03095,1.03089,1.03095,1.03092,38
2025-01-03 16:11:00,1.03092,1.03086,1.03092,1.03086,14
2025-01-03 16:12:00,1.03086,1.03086,1.03086,1.03086,6
2025-01-03 16:13:00,1.03086,1.03072,1.03087,1.03072,45
2025-01-03 16:14:00,1.03072,1.03067,1.03074,1.03067,55
2025-01-03 16:15:00,1.03067,1.03066,1.03069,1.03067,43
2025-01-03 16:16:00,1.03067,1.03065,1.03068,1.03066,28
2025-01-03 16:17:00,1.03066,1.03065,1.03068,1.03067,33
2025-01-03 16:18:00,1.03067,1.03063,1.03068,1.03066,34
2025-01-03 16:19:00,1.03066,1.03064,1.03068,1.03065,39
2025-01-03 16:20:00,1.03065,1.03064,1.03075,1.03073,57
2025-01-03 16:21:00,1.03073,1.03071,1.03076,1.03072,24
2025-01-03 16:22:00,1.03072,1.03072,1.03073,1.03072,21
2025-01-03 16:23:00,1.03072,1.03068,1.03072,1.03068,19
2025-01-03 16:24:00,1.03068,1.03062,1.03068,1.03066,58
2025-01-03 16:25:00,1.03066,1.03066,1.03068,1.03066,54
2025-01-03 16:26:00,1.03066,1.03061,1.03066,1.03066,28
2025-01-03 16:27:00,1.03066,1.03066,1.0307,1.03068,32
2025-01-03 16:28:00,1.03068,1.03066,1.03068,1.03067,21
2025-01-03 16:29:00,1.03067,1.03066,1.03076,1.03076,111
2025-01-03 16:30:00,1.03076,1.03067,1.03076,1.03067,44
2025-01-03 16:31:00,1.03067,1.03066,1.03074,1.03073,33
2025-01-03 16:32:00,1.03073,1.03072,1.03078,1.03073,40
2025-01-03 16:33:00,1.03073,1.03071,1.03076,1.03076,29
2025-01-03 16:34:00,1.03076,1.0307,1.03076,1.0307,58
2025-01-03 16:35:00,1.0307,1.03062,1.0307,1.03063,30
2025-01-03 16:36:00,1.03063,1.0306,1.03063,1.03062,57
2025-01-03 16:37:00,1.03062,1.0306,1.03063,1.03062,36
2025-01-03 16:38:00,1.03062,1.03054,1.03062,1.03058,39
2025-01-03 16:39:00,1.03058,1.03056,1.03061,1.03057,70
2025-01-03 16:40:00,1.03057,1.03054,1.03059,1.03057,68
2025-01-03 16:41:00,1.03057,1.03056,1.03059,1.03057,28
2025-01-03 16:42:00,1.03057,1.03056,1.03058,1.03057,38
2025-01-03 16:43:00,1.03057,1.03057,1.03066,1.03062,61
2025-01-03 16:44:00,1.03062,1.03062,1.03069,1.03069,60
2025-01-03 16:45:00,1.03069,1.03067,1.03079,1.03069,73
2025-01-03 16:46:00,1.03069,1.03068,1.0307,1.03069,32
2025-01-03 16:47:00,1.03069,1.03064,1.03069,1.03066,59
2025-01-03 16:48:00,1.03066,1.03066,1.03076,1.03076,70
2025-01-03 16:49:00,1.03076,1.03072,1.03078,1.03075,97
2025-01-03 16:50:00,1.03075,1.0307,1.03075,1.03072,109
2025-01-03 16:51:00,1.03072,1.03072,1.03077,1.03075,39
2025-01-03 16:52:00,1.03075,1.03075,1.03077,1.03076,27
2025-01-03 16:53:00,1.03076,1.03075,1.03081,1.03079,53
2025-01-03 16:54:00,1.03079,1.03072,1.03079,1.03078,42
2025-01-03 16:55:00,1.03078,1.03071,1.03078,1.03073,40
2025-01-03 16:56:00,1.03073,1.03073,1.03081,1.03076,56
2025-01-03 16:57:00,1.03076,1.03074,1.03079,1.03077,60
2025-01-03 16:58:00,1.03079,1.03076,1.0308,1.03079,41
